[
  {
    "shortDescription" : "A neural network for fast object detection that detects 80 different classes of objects. Given an RGB image, with the dimensions 416x416, the model outputs two arrays (one for each layer) of arbitrary length; each containing confidence scores for each cell and the normalised coordaintes for the bounding box around the detected object(s). Refer to the original paper for more details. YOLOv3: An Incremental Improvement - https:\/\/pjreddie.com\/media\/files\/papers\/YOLOv3.pdf ",
    "metadataOutputVersion" : "3.0",
    "outputSchema" : [
      {
        "dataType" : "Double",
        "hasShapeFlexibility" : "1",
        "isOptional" : "0",
        "shapeFlexibility" : "0... × 80",
        "shapeRange" : "[[0, -1], [80, 80]]",
        "formattedType" : "MultiArray (Double 0 × 80)",
        "type" : "MultiArray",
        "shape" : "[0, 80]",
        "name" : "confidence",
        "shortDescription" : "Confidence derived for each of the bounding boxes. "
      },
      {
        "dataType" : "Double",
        "hasShapeFlexibility" : "1",
        "isOptional" : "0",
        "shapeFlexibility" : "0... × 4",
        "shapeRange" : "[[0, -1], [4, 4]]",
        "formattedType" : "MultiArray (Double 0 × 4)",
        "type" : "MultiArray",
        "shape" : "[0, 4]",
        "name" : "coordinates",
        "shortDescription" : "Normalised coordiantes (relative to the image size) for each of the bounding boxes (x,y,w,h). "
      }
    ],
    "version" : "YOLOv3-tiny",
    "modelParameters" : [

    ],
    "author" : "Joseph Redmon, Ali Farhadi ",
    "specificationVersion" : 3,
    "license" : "Please see https:\/\/github.com\/pjreddie\/darknet for license information.",
    "isUpdatable" : "0",
    "availability" : {
      "macOS" : "10.14",
      "tvOS" : "12.0",
      "watchOS" : "5.0",
      "iOS" : "12.0",
      "macCatalyst" : "12.0"
    },
    "modelType" : {
      "name" : "MLModelType_pipeline",
      "structure" : [
        {
          "name" : "MLModelType_neuralNetwork"
        },
        {
          "name" : "MLModelType_nonMaximumSuppression"
        }
      ]
    },
    "inputSchema" : [
      {
        "height" : "416",
        "colorspace" : "RGB",
        "isOptional" : "0",
        "width" : "416",
        "isColor" : "1",
        "formattedType" : "Image (Color 416 × 416)",
        "hasSizeFlexibility" : "0",
        "type" : "Image",
        "shortDescription" : "416x416 RGB image",
        "name" : "image"
      },
      {
        "isOptional" : "1",
        "formattedType" : "Double?",
        "type" : "Double",
        "name" : "iouThreshold",
        "shortDescription" : "This defines the radius of suppression."
      },
      {
        "isOptional" : "1",
        "formattedType" : "Double?",
        "type" : "Double",
        "name" : "confidenceThreshold",
        "shortDescription" : "Remove bounding boxes below this threshold (confidences should be nonnegative)."
      }
    ],
    "classLabels" : [
      "person",
      "bicycle",
      "car",
      "motorbike",
      "aeroplane",
      "bus",
      "train",
      "truck",
      "boat",
      "traffic light",
      "fire hydrant",
      "stop sign",
      "parking meter",
      "bench",
      "bird",
      "cat",
      "dog",
      "horse",
      "sheep",
      "cow",
      "elephant",
      "bear",
      "zebra",
      "giraffe",
      "backpack",
      "umbrella",
      "handbag",
      "tie",
      "suitcase",
      "frisbee",
      "skis",
      "snowboard",
      "sports ball",
      "kite",
      "baseball bat",
      "baseball glove",
      "skateboard",
      "surfboard",
      "tennis racket",
      "bottle",
      "wine glass",
      "cup",
      "fork",
      "knife",
      "spoon",
      "bowl",
      "banana",
      "apple",
      "sandwich",
      "orange",
      "broccoli",
      "carrot",
      "hot dog",
      "pizza",
      "donut",
      "cake",
      "chair",
      "sofa",
      "pottedplant",
      "bed",
      "diningtable",
      "toilet",
      "tvmonitor",
      "laptop",
      "mouse",
      "remote",
      "keyboard",
      "cell phone",
      "microwave",
      "oven",
      "toaster",
      "sink",
      "refrigerator",
      "book",
      "clock",
      "vase",
      "scissors",
      "teddy bear",
      "hair drier",
      "toothbrush"
    ],
    "generatedClassName" : "YOLOv3TinyInt8LUT",
    "userDefinedMetadata" : {
      "com.apple.developer.machine-learning.models.version" : "2.0",
      "com.apple.developer.machine-learning.models.name" : "YOLOv3TinyInt8LUT.mlmodel",
      "com.apple.developer.machine-learning.models.category" : "image"
    },
    "neuralNetworkLayerTypeHistogram" : {
      "Concat" : 7,
      "Convolution" : 13,
      "ActivationSigmoid" : 6,
      "Scale" : 2,
      "UpsampleNearestNeighbor" : 1,
      "PoolingMax" : 6,
      "Reshape" : 10,
      "Permute" : 6,
      "Add" : 2,
      "Multiply" : 8,
      "Slice" : 8,
      "ActivationLeakyReLU" : 11,
      "LoadConstant" : 4,
      "UnaryExp" : 2
    },
    "method" : "predict"
  }
]